Statistic Measure	MNB	SVM	RF	KNN	ModelToBeatBaseline
Precision	0.969995	0.948583	0.9539549999999999	0.9064059999999999	0.970011
Recall	0.9663229999999999	0.9451459999999999	0.9511719999999999	0.8742270000000001	0.970128
F-Measure	0.9664379999999999	0.944915	0.9507040000000001	0.873398	0.969689
Accuracy	0.968	0.946	0.9520000000000001	0.8759999999999999	0.970244
